<?xml version="1.0" encoding="UTF-8"?>
<beans xmlns="http://www.springframework.org/schema/beans"
xmlns:xsi="http://www.w3.org/2001/XMLSchema-instance" xmlns:context="http://www.springframework.org/schema/context"
xmlns:util="http://www.springframework.org/schema/util" xmlns:mvc="http://www.springframework.org/schema/mvc"
xsi:schemaLocation="http://www.springframework.org/schema/mvc http://www.springframework.org/schema/mvc/spring-mvc-3.2.xsd
  http://www.springframework.org/schema/beans http://www.springframework.org/schema/beans/spring-beans.xsd
  http://www.springframework.org/schema/util http://www.springframework.org/schema/util/spring-util-3.2.xsd
  http://www.springframework.org/schema/context http://www.springframework.org/schema/context/spring-context-3.2.xsd
  ">
  <context:annotation-config />
  
  <context:property-placeholder location="classpath:database.properties" />
  
  <context:component-scan base-package="com.webshopUser.controller" />
  <context:component-scan base-package="com.webshopUser" />
  <context:component-scan base-package="com.webshop.*" />
  
  <mvc:resources mapping="/img/**" location="/img/" />
  <mvc:resources mapping="/img/products/**" location="/img/" />
  <mvc:resources mapping="/css/**" location="/css/" />
  <mvc:resources mapping="/js/**" location="/js/" />
  <mvc:annotation-driven />
  <mvc:default-servlet-handler />
  <bean class="org.springframework.web.servlet.view.InternalResourceViewResolver">
    <property name="prefix">
      <value>/WEB-INF/</value>
    </property>
    <property name="suffix">
      <value>.htm</value>
    </property>
  </bean>
  <bean id="dataSource" class="org.springframework.jdbc.datasource.DriverManagerDataSource">
    <property name="driverClassName" value="${database.driver}" />
    <property name="url" value="${database.url}" />
    <property name="username" value="${database.user}" />
    <property name="password" value="${database.password}" />
  </bean>
  <bean id="sessionFactory" class="org.springframework.orm.hibernate4.LocalSessionFactoryBean">
    <property name="dataSource" ref="dataSource" />
    <property name="annotatedClasses">
      <list>
        <value>com.webshop.modelObjects.Customer</value>
        <value>com.webshop.modelObjects.Product</value>
        <value>com.webshop.modelObjects.Category</value>
        <value>com.webshop.modelObjects.OrderDetails</value>
      </list>
    </property>
    <property name="hibernateProperties">
      <props>
        <prop key="hibernate.dialect">org.hibernate.dialect.H2Dialect</prop>
        <prop key="hibernate.show_sql">true</prop>
      </props>
    </property>
  </bean>
  <bean id="txManager"
class="org.springframework.orm.hibernate4.HibernateTransactionManager">
    <property name="sessionFactory" ref="sessionFactory" />
  </bean>
  <bean id="persistenceExceptionTranslationPostProcessor"
class="org.springframework.dao.annotation.PersistenceExceptionTranslationPostProcessor" />
</beans>
